ID,領域,期,支援番号,正式名称,基本方針,大項目,中項目,小項目,本文頁,PDF頁,原典
basic-共通-1,基本ケア,共通,1,疾患管理の理解の支援,Ⅰ 尊厳を尊重した意思決定の支援,Ⅰ-1 現在の全体像の把握と生活上の将来予測、備え,Ⅰ-1-1 疾病や心身状態の理解,,15,27,https://www.jri.co.jp/file/column/opinion/pdf/2026/0330_tekisetsunacare_r7.pdf#page=27
basic-共通-2,基本ケア,共通,2,併存疾患の把握の支援,Ⅰ 尊厳を尊重した意思決定の支援,Ⅰ-1 現在の全体像の把握と生活上の将来予測、備え,Ⅰ-1-1 疾病や心身状態の理解,,18,30,https://www.jri.co.jp/file/column/opinion/pdf/2026/0330_tekisetsunacare_r7.pdf#page=30
basic-共通-3,基本ケア,共通,3,口腔内の異常の早期発見と歯科受診機会の確保,Ⅰ 尊厳を尊重した意思決定の支援,Ⅰ-1 現在の全体像の把握と生活上の将来予測、備え,Ⅰ-1-1 疾病や心身状態の理解,,20,32,https://www.jri.co.jp/file/column/opinion/pdf/2026/0330_tekisetsunacare_r7.pdf#page=32
basic-共通-4,基本ケア,共通,4,転倒・骨折のリスクや経緯の確認,Ⅰ 尊厳を尊重した意思決定の支援,Ⅰ-1 現在の全体像の把握と生活上の将来予測、備え,Ⅰ-1-1 疾病や心身状態の理解,,22,34,https://www.jri.co.jp/file/column/opinion/pdf/2026/0330_tekisetsunacare_r7.pdf#page=34
basic-共通-5,基本ケア,共通,5,望む生活・暮らしの意向の把握,Ⅰ 尊厳を尊重した意思決定の支援,Ⅰ-1 現在の全体像の把握と生活上の将来予測、備え,Ⅰ-1-2 現在の生活の全体像の把握,,24,36,https://www.jri.co.jp/file/column/opinion/pdf/2026/0330_tekisetsunacare_r7.pdf#page=36
basic-共通-6,基本ケア,共通,6,一週間の生活リズムとその変化を把握することの支援,Ⅰ 尊厳を尊重した意思決定の支援,Ⅰ-1 現在の全体像の把握と生活上の将来予測、備え,Ⅰ-1-2 現在の生活の全体像の把握,,26,38,https://www.jri.co.jp/file/column/opinion/pdf/2026/0330_tekisetsunacare_r7.pdf#page=38
basic-共通-7,基本ケア,共通,7,食事及び栄養の状態の確認,Ⅰ 尊厳を尊重した意思決定の支援,Ⅰ-1 現在の全体像の把握と生活上の将来予測、備え,Ⅰ-1-2 現在の生活の全体像の把握,,28,40,https://www.jri.co.jp/file/column/opinion/pdf/2026/0330_tekisetsunacare_r7.pdf#page=40
basic-共通-8,基本ケア,共通,8,水分摂取状況の把握の支援,Ⅰ 尊厳を尊重した意思決定の支援,Ⅰ-1 現在の全体像の把握と生活上の将来予測、備え,Ⅰ-1-2 現在の生活の全体像の把握,,30,42,https://www.jri.co.jp/file/column/opinion/pdf/2026/0330_tekisetsunacare_r7.pdf#page=42
basic-共通-9,基本ケア,共通,9,コミュニケーション状況の把握の支援,Ⅰ 尊厳を尊重した意思決定の支援,Ⅰ-1 現在の全体像の把握と生活上の将来予測、備え,Ⅰ-1-2 現在の生活の全体像の把握,,32,44,https://www.jri.co.jp/file/column/opinion/pdf/2026/0330_tekisetsunacare_r7.pdf#page=44
basic-共通-10,基本ケア,共通,10,家庭や地域での活動と参加の状況及びその環境の把握の支援,Ⅰ 尊厳を尊重した意思決定の支援,Ⅰ-1 現在の全体像の把握と生活上の将来予測、備え,Ⅰ-1-2 現在の生活の全体像の把握,,33,45,https://www.jri.co.jp/file/column/opinion/pdf/2026/0330_tekisetsunacare_r7.pdf#page=45
basic-共通-11,基本ケア,共通,11,口腔内及び摂食嚥下機能のリスクの予測,Ⅰ 尊厳を尊重した意思決定の支援,Ⅰ-1 現在の全体像の把握と生活上の将来予測、備え,Ⅰ-1-3 目指す生活を踏まえたリスクの予測,,35,47,https://www.jri.co.jp/file/column/opinion/pdf/2026/0330_tekisetsunacare_r7.pdf#page=47
basic-共通-12,基本ケア,共通,12,転倒などのからだに負荷の掛かるリスクの予測,Ⅰ 尊厳を尊重した意思決定の支援,Ⅰ-1 現在の全体像の把握と生活上の将来予測、備え,Ⅰ-1-3 目指す生活を踏まえたリスクの予測,,37,49,https://www.jri.co.jp/file/column/opinion/pdf/2026/0330_tekisetsunacare_r7.pdf#page=49
basic-共通-13,基本ケア,共通,13,感染症の早期発見と治療,Ⅰ 尊厳を尊重した意思決定の支援,Ⅰ-1 現在の全体像の把握と生活上の将来予測、備え,Ⅰ-1-4 緊急時の対応のための備え,,39,51,https://www.jri.co.jp/file/column/opinion/pdf/2026/0330_tekisetsunacare_r7.pdf#page=51
basic-共通-14,基本ケア,共通,14,緊急時の対応,Ⅰ 尊厳を尊重した意思決定の支援,Ⅰ-1 現在の全体像の把握と生活上の将来予測、備え,Ⅰ-1-4 緊急時の対応のための備え,,41,53,https://www.jri.co.jp/file/column/opinion/pdf/2026/0330_tekisetsunacare_r7.pdf#page=53
basic-共通-15,基本ケア,共通,15,本人の意思を捉えるためのエピソード等の把握,Ⅰ 尊厳を尊重した意思決定の支援,Ⅰ-2 意思決定過程の支援,Ⅰ-2-1 本人の意思を捉える支援,,43,55,https://www.jri.co.jp/file/column/opinion/pdf/2026/0330_tekisetsunacare_r7.pdf#page=55
basic-共通-16,基本ケア,共通,16,日常生活における意向の尊重,Ⅰ 尊厳を尊重した意思決定の支援,Ⅰ-2 意思決定過程の支援,Ⅰ-2-2 意思の表明の支援と尊重,,45,57,https://www.jri.co.jp/file/column/opinion/pdf/2026/0330_tekisetsunacare_r7.pdf#page=57
basic-共通-17,基本ケア,共通,17,意思決定支援の必要性の理解,Ⅰ 尊厳を尊重した意思決定の支援,Ⅰ-2 意思決定過程の支援,Ⅰ-2-2 意思の表明の支援と尊重,,46,58,https://www.jri.co.jp/file/column/opinion/pdf/2026/0330_tekisetsunacare_r7.pdf#page=58
basic-共通-18,基本ケア,共通,18,意思決定支援体制の整備,Ⅰ 尊厳を尊重した意思決定の支援,Ⅰ-2 意思決定過程の支援,Ⅰ-2-3 意思決定支援体制の整備,,47,59,https://www.jri.co.jp/file/column/opinion/pdf/2026/0330_tekisetsunacare_r7.pdf#page=59
basic-共通-19,基本ケア,共通,19,将来の生活の見通しを立てることの支援,Ⅰ 尊厳を尊重した意思決定の支援,Ⅰ-2 意思決定過程の支援,Ⅰ-2-4 将来の生活の見通しを立てることの支援,,48,60,https://www.jri.co.jp/file/column/opinion/pdf/2026/0330_tekisetsunacare_r7.pdf#page=60
basic-共通-20,基本ケア,共通,20,フレイル予防のために必要な食事と栄養の確保の支援,Ⅱ これまでの生活の尊重と継続の支援,Ⅱ-1 予測に基づく心身機能の維持・向上、フレイルや重度化の予防の支援,Ⅱ-1-1 水分と栄養を摂ることの支援,,50,62,https://www.jri.co.jp/file/column/opinion/pdf/2026/0330_tekisetsunacare_r7.pdf#page=62
basic-共通-21,基本ケア,共通,21,水分の摂取の支援,Ⅱ これまでの生活の尊重と継続の支援,Ⅱ-1 予測に基づく心身機能の維持・向上、フレイルや重度化の予防の支援,Ⅱ-1-1 水分と栄養を摂ることの支援,,53,65,https://www.jri.co.jp/file/column/opinion/pdf/2026/0330_tekisetsunacare_r7.pdf#page=65
basic-共通-22,基本ケア,共通,22,口腔ケア及び摂食嚥下機能の支援,Ⅱ これまでの生活の尊重と継続の支援,Ⅱ-1 予測に基づく心身機能の維持・向上、フレイルや重度化の予防の支援,Ⅱ-1-1 水分と栄養を摂ることの支援,,55,67,https://www.jri.co.jp/file/column/opinion/pdf/2026/0330_tekisetsunacare_r7.pdf#page=67
basic-共通-23,基本ケア,共通,23,継続的な受診・療養の支援,Ⅱ これまでの生活の尊重と継続の支援,Ⅱ-1 予測に基づく心身機能の維持・向上、フレイルや重度化の予防の支援,Ⅱ-1-2 継続的な受診と服薬の支援,,59,71,https://www.jri.co.jp/file/column/opinion/pdf/2026/0330_tekisetsunacare_r7.pdf#page=71
basic-共通-24,基本ケア,共通,24,継続的な服薬管理の支援,Ⅱ これまでの生活の尊重と継続の支援,Ⅱ-1 予測に基づく心身機能の維持・向上、フレイルや重度化の予防の支援,Ⅱ-1-2 継続的な受診と服薬の支援,,62,74,https://www.jri.co.jp/file/column/opinion/pdf/2026/0330_tekisetsunacare_r7.pdf#page=74
basic-共通-25,基本ケア,共通,25,体調把握と変化を伝えることの支援,Ⅱ これまでの生活の尊重と継続の支援,Ⅱ-1 予測に基づく心身機能の維持・向上、フレイルや重度化の予防の支援,Ⅱ-1-3 継続的な自己管理の支援,,64,76,https://www.jri.co.jp/file/column/opinion/pdf/2026/0330_tekisetsunacare_r7.pdf#page=76
basic-共通-26,基本ケア,共通,26,フレイルを予防するための活動機会の維持,Ⅱ これまでの生活の尊重と継続の支援,Ⅱ-1 予測に基づく心身機能の維持・向上、フレイルや重度化の予防の支援,Ⅱ-1-4 心身機能の維持・向上の支援,,67,79,https://www.jri.co.jp/file/column/opinion/pdf/2026/0330_tekisetsunacare_r7.pdf#page=79
basic-共通-27,基本ケア,共通,27,継続的なリハビリテーションや機能訓練の実施,Ⅱ これまでの生活の尊重と継続の支援,Ⅱ-1 予測に基づく心身機能の維持・向上、フレイルや重度化の予防の支援,Ⅱ-1-4 心身機能の維持・向上の支援,,70,82,https://www.jri.co.jp/file/column/opinion/pdf/2026/0330_tekisetsunacare_r7.pdf#page=82
basic-共通-28,基本ケア,共通,28,感染症の予防と対応の支援体制の構築,Ⅱ これまでの生活の尊重と継続の支援,Ⅱ-1 予測に基づく心身機能の維持・向上、フレイルや重度化の予防の支援,Ⅱ-1-5 感染予防の支援,,72,84,https://www.jri.co.jp/file/column/opinion/pdf/2026/0330_tekisetsunacare_r7.pdf#page=84
basic-共通-29,基本ケア,共通,29,一週間の生活リズムにそった生活・活動を支えることの支援,Ⅱ これまでの生活の尊重と継続の支援,Ⅱ-2 日常的な生活の継続の支援,Ⅱ-2-1 生活リズムを整える支援,,75,87,https://www.jri.co.jp/file/column/opinion/pdf/2026/0330_tekisetsunacare_r7.pdf#page=87
basic-共通-30,基本ケア,共通,30,休養・睡眠の支援,Ⅱ これまでの生活の尊重と継続の支援,Ⅱ-2 日常的な生活の継続の支援,Ⅱ-2-1 生活リズムを整える支援,,77,89,https://www.jri.co.jp/file/column/opinion/pdf/2026/0330_tekisetsunacare_r7.pdf#page=89
basic-共通-31,基本ケア,共通,31,口から食事を摂り続けることの支援,Ⅱ これまでの生活の尊重と継続の支援,Ⅱ-2 日常的な生活の継続の支援,Ⅱ-2-2 食事の支援,,79,91,https://www.jri.co.jp/file/column/opinion/pdf/2026/0330_tekisetsunacare_r7.pdf#page=91
basic-共通-32,基本ケア,共通,32,フレイル予防のために必要な栄養の確保の支援,Ⅱ これまでの生活の尊重と継続の支援,Ⅱ-2 日常的な生活の継続の支援,Ⅱ-2-2 食事の支援,,81,93,https://www.jri.co.jp/file/column/opinion/pdf/2026/0330_tekisetsunacare_r7.pdf#page=93
basic-共通-33,基本ケア,共通,33,清潔を保つ支援,Ⅱ これまでの生活の尊重と継続の支援,Ⅱ-2 日常的な生活の継続の支援,Ⅱ-2-3 暮らしやすい環境の保持、入浴や排泄の支援,,83,95,https://www.jri.co.jp/file/column/opinion/pdf/2026/0330_tekisetsunacare_r7.pdf#page=95
basic-共通-34,基本ケア,共通,34,排泄状況を確認して排泄を続けられることを支援,Ⅱ これまでの生活の尊重と継続の支援,Ⅱ-2 日常的な生活の継続の支援,Ⅱ-2-3 暮らしやすい環境の保持、入浴や排泄の支援,,86,98,https://www.jri.co.jp/file/column/opinion/pdf/2026/0330_tekisetsunacare_r7.pdf#page=98
basic-共通-35,基本ケア,共通,35,喜びや楽しみ、強みを引き出し高める支援,Ⅱ これまでの生活の尊重と継続の支援,Ⅱ-3 家事・コミュニティでの役割の維持あるいは獲得の支援,Ⅱ-3-1 喜びや楽しみ、強みを引き出し高める支援,,89,101,https://www.jri.co.jp/file/column/opinion/pdf/2026/0330_tekisetsunacare_r7.pdf#page=101
basic-共通-36,基本ケア,共通,36,コミュニケーションの支援,Ⅱ これまでの生活の尊重と継続の支援,Ⅱ-3 家事・コミュニティでの役割の維持あるいは獲得の支援,Ⅱ-3-2 コミュニケーションの支援,,91,103,https://www.jri.co.jp/file/column/opinion/pdf/2026/0330_tekisetsunacare_r7.pdf#page=103
basic-共通-37,基本ケア,共通,37,本人にとっての活動と参加を取り巻く交流環境の整備,Ⅱ これまでの生活の尊重と継続の支援,Ⅱ-3 家事・コミュニティでの役割の維持あるいは獲得の支援,Ⅱ-3-3 家庭内での役割を整えることの支援,,93,105,https://www.jri.co.jp/file/column/opinion/pdf/2026/0330_tekisetsunacare_r7.pdf#page=105
basic-共通-38,基本ケア,共通,38,持っている機能を発揮しやすい環境の整備,Ⅱ これまでの生活の尊重と継続の支援,Ⅱ-3 家事・コミュニティでの役割の維持あるいは獲得の支援,Ⅱ-3-4 コミュニティでの役割を整えることの支援,,95,107,https://www.jri.co.jp/file/column/opinion/pdf/2026/0330_tekisetsunacare_r7.pdf#page=107
basic-共通-39,基本ケア,共通,39,本人にとっての活動と参加を取り巻く交流環境の整備,Ⅱ これまでの生活の尊重と継続の支援,Ⅱ-3 家事・コミュニティでの役割の維持あるいは獲得の支援,Ⅱ-3-4 コミュニティでの役割を整えることの支援,,97,109,https://www.jri.co.jp/file/column/opinion/pdf/2026/0330_tekisetsunacare_r7.pdf#page=109
basic-共通-40,基本ケア,共通,40,家族等の生活を支える支援及び連携の体制の整備,Ⅲ 家族等への支援,Ⅲ-1 家族等への支援,Ⅲ-1-1 支援を必要とする家族等への対応,,99,111,https://www.jri.co.jp/file/column/opinion/pdf/2026/0330_tekisetsunacare_r7.pdf#page=111
basic-共通-41,基本ケア,共通,41,将来にわたり生活を継続できるようにすることの支援,Ⅲ 家族等への支援,Ⅲ-1 家族等への支援,Ⅲ-1-1 支援を必要とする家族等への対応,,102,114,https://www.jri.co.jp/file/column/opinion/pdf/2026/0330_tekisetsunacare_r7.pdf#page=114
basic-共通-42,基本ケア,共通,42,本人や家族等にかかわる理解者を増やすことの支援,Ⅲ 家族等への支援,Ⅲ-1 家族等への支援,Ⅲ-1-2 家族等の理解者を増やす支援,,104,116,https://www.jri.co.jp/file/column/opinion/pdf/2026/0330_tekisetsunacare_r7.pdf#page=116
basic-共通-43,基本ケア,共通,43,本人を取り巻く支援体制の整備,Ⅲ 家族等への支援,Ⅲ-2 ケアに参画するひとへの支援,Ⅲ-2-1 本人をとりまく支援体制の整備,,106,118,https://www.jri.co.jp/file/column/opinion/pdf/2026/0330_tekisetsunacare_r7.pdf#page=118
basic-共通-44,基本ケア,共通,44,同意してケアに参画するひとへの支援,Ⅲ 家族等への支援,Ⅲ-2 ケアに参画するひとへの支援,Ⅲ-2-2 同意してケアに参画するひとへの支援,,108,120,https://www.jri.co.jp/file/column/opinion/pdf/2026/0330_tekisetsunacare_r7.pdf#page=120
stroke-Ⅰ期-1,脳血管疾患,Ⅰ期,1,基本的な疾患管理の支援,,1 再発予防,1-1 血圧や疾病の管理の支援,1-1-1 基本的な疾患管理の支援,112,124,https://www.jri.co.jp/file/column/opinion/pdf/2026/0330_tekisetsunacare_r7.pdf#page=124
stroke-Ⅰ期-2,脳血管疾患,Ⅰ期,2,目標血圧が確認できる体制を整える,,1 再発予防,1-1 血圧や疾病の管理の支援,1-1-2 血圧等の体調の確認,115,127,https://www.jri.co.jp/file/column/opinion/pdf/2026/0330_tekisetsunacare_r7.pdf#page=127
stroke-Ⅰ期-3,脳血管疾患,Ⅰ期,3,家庭（日常）血圧・脈拍等の把握ができる体制を整える,,1 再発予防,1-1 血圧や疾病の管理の支援,1-1-2 血圧等の体調の確認,116,128,https://www.jri.co.jp/file/column/opinion/pdf/2026/0330_tekisetsunacare_r7.pdf#page=128
stroke-Ⅰ期-4,脳血管疾患,Ⅰ期,4,室内気温の調整や気温差の改善ができる体制を整える,,1 再発予防,1-1 血圧や疾病の管理の支援,1-1-3 環境整備,117,129,https://www.jri.co.jp/file/column/opinion/pdf/2026/0330_tekisetsunacare_r7.pdf#page=129
stroke-Ⅰ期-5,脳血管疾患,Ⅰ期,5,高脂血症、糖尿病等の個別疾患の管理の支援について別途確認する,,1 再発予防,1-1 血圧や疾病の管理の支援,1-1-4 その他の基礎疾患の把握と適切な食事の提供,119,131,https://www.jri.co.jp/file/column/opinion/pdf/2026/0330_tekisetsunacare_r7.pdf#page=131
stroke-Ⅰ期-6,脳血管疾患,Ⅰ期,6,服薬管理の支援,,1 再発予防,1-2 服薬管理の支援,1-2-1 服薬支援,120,132,https://www.jri.co.jp/file/column/opinion/pdf/2026/0330_tekisetsunacare_r7.pdf#page=132
stroke-Ⅰ期-7,脳血管疾患,Ⅰ期,7,必要水分量と日常の摂取量が把握できる体制を整える,,1 再発予防,1-3 生活習慣の改善,1-3-1 脱水予防,122,134,https://www.jri.co.jp/file/column/opinion/pdf/2026/0330_tekisetsunacare_r7.pdf#page=134
stroke-Ⅰ期-8,脳血管疾患,Ⅰ期,8,適切な水分を摂取することの理解をうながす体制を整える,,1 再発予防,1-3 生活習慣の改善,1-3-1 脱水予防,123,135,https://www.jri.co.jp/file/column/opinion/pdf/2026/0330_tekisetsunacare_r7.pdf#page=135
stroke-Ⅰ期-9,脳血管疾患,Ⅰ期,9,自ら水分を摂取できるようにする体制を整える,,1 再発予防,1-3 生活習慣の改善,1-3-1 脱水予防,124,136,https://www.jri.co.jp/file/column/opinion/pdf/2026/0330_tekisetsunacare_r7.pdf#page=136
stroke-Ⅰ期-10,脳血管疾患,Ⅰ期,10,ADL/IADLの定期的な把握と機能の向上ができる体制を整える,,2 生活機能の維持・向上,2-1 心身機能の回復・維持,2-1-1 機能訓練（機能障害の回復・改善に向けて）,125,137,https://www.jri.co.jp/file/column/opinion/pdf/2026/0330_tekisetsunacare_r7.pdf#page=137
stroke-Ⅰ期-11,脳血管疾患,Ⅰ期,11,受容促進のための働きかけを行う体制を整える,,2 生活機能の維持・向上,2-2 心理的回復の支援,2-2-1 受容の支援,126,138,https://www.jri.co.jp/file/column/opinion/pdf/2026/0330_tekisetsunacare_r7.pdf#page=138
stroke-Ⅰ期-12,脳血管疾患,Ⅰ期,12,抑うつ状態の防止、改善が図れる体制を整える,,2 生活機能の維持・向上,2-2 心理的回復の支援,2-2-1 受容の支援,127,139,https://www.jri.co.jp/file/column/opinion/pdf/2026/0330_tekisetsunacare_r7.pdf#page=139
stroke-Ⅰ期-13,脳血管疾患,Ⅰ期,13,リハビリテーションの継続がなされるよう本人の不安を軽減する体制を整える,,2 生活機能の維持・向上,2-2 心理的回復の支援,2-2-1 受容の支援,128,140,https://www.jri.co.jp/file/column/opinion/pdf/2026/0330_tekisetsunacare_r7.pdf#page=140
stroke-Ⅰ期-14,脳血管疾患,Ⅰ期,14,ADL/IADLの状態の定期的な把握と共有がなされる体制を整える,,2 生活機能の維持・向上,2-3 活動と参加に関わる能力の維持・改善,2-3-1 機能訓練（残存機能の維持・活用に向けて）,129,141,https://www.jri.co.jp/file/column/opinion/pdf/2026/0330_tekisetsunacare_r7.pdf#page=141
stroke-Ⅰ期-15,脳血管疾患,Ⅰ期,15,状態に合ったADL/IADLの機能向上がなされる体制を整える,,2 生活機能の維持・向上,2-3 活動と参加に関わる能力の維持・改善,2-3-1 機能訓練（残存機能の維持・活用に向けて）,130,142,https://www.jri.co.jp/file/column/opinion/pdf/2026/0330_tekisetsunacare_r7.pdf#page=142
stroke-Ⅰ期-16,脳血管疾患,Ⅰ期,16,コミュニケーション能力の状況の継続的な把握ができる体制を整える,,2 生活機能の維持・向上,2-3 活動と参加に関わる能力の維持・改善,2-3-2 コミュニケーション能力の改善,131,143,https://www.jri.co.jp/file/column/opinion/pdf/2026/0330_tekisetsunacare_r7.pdf#page=143
stroke-Ⅰ期-17,脳血管疾患,Ⅰ期,17,コミュニケーション能力の改善を図る体制を整える（言語訓練、コミュニケーション手段の検討等）,,2 生活機能の維持・向上,2-3 活動と参加に関わる能力の維持・改善,2-3-2 コミュニケーション能力の改善,132,144,https://www.jri.co.jp/file/column/opinion/pdf/2026/0330_tekisetsunacare_r7.pdf#page=144
stroke-Ⅰ期-18,脳血管疾患,Ⅰ期,18,日常生活（自宅内・自宅外）における役割の回復・獲得がなされる体制を整える,,2 生活機能の維持・向上,2-3 活動と参加に関わる能力の維持・改善,2-3-3 社会参加の機会の確保,133,145,https://www.jri.co.jp/file/column/opinion/pdf/2026/0330_tekisetsunacare_r7.pdf#page=145
stroke-Ⅰ期-19,脳血管疾患,Ⅰ期,19,外出や交流の機会が確保できる体制を整える,,2 生活機能の維持・向上,2-3 活動と参加に関わる能力の維持・改善,2-3-3 社会参加の機会の確保,134,146,https://www.jri.co.jp/file/column/opinion/pdf/2026/0330_tekisetsunacare_r7.pdf#page=146
stroke-Ⅰ期-20,脳血管疾患,Ⅰ期,20,新たな価値・機能の獲得がなされる体制を整える,,2 生活機能の維持・向上,2-3 活動と参加に関わる能力の維持・改善,2-3-3 社会参加の機会の確保,135,147,https://www.jri.co.jp/file/column/opinion/pdf/2026/0330_tekisetsunacare_r7.pdf#page=147
stroke-Ⅰ期-21,脳血管疾患,Ⅰ期,21,必要な栄養量の把握と食事の支援がなされる体制を整える,,2 生活機能の維持・向上,2-4 リスク管理,2-4-1 食事と栄養の確保,136,148,https://www.jri.co.jp/file/column/opinion/pdf/2026/0330_tekisetsunacare_r7.pdf#page=148
stroke-Ⅰ期-22,脳血管疾患,Ⅰ期,22,転倒しにくいよう体の機能あるいは環境整備するための体制を整える,,2 生活機能の維持・向上,2-4 リスク管理,2-4-2 転倒予防,137,149,https://www.jri.co.jp/file/column/opinion/pdf/2026/0330_tekisetsunacare_r7.pdf#page=149
stroke-Ⅱ期-1,脳血管疾患,Ⅱ期,1,基本的な疾患管理の支援,,1 継続的な再発予防,1-1 血圧や疾病の管理の支援,1-1-1 基本的な疾患管理の支援,139,151,https://www.jri.co.jp/file/column/opinion/pdf/2026/0330_tekisetsunacare_r7.pdf#page=151
stroke-Ⅱ期-2,脳血管疾患,Ⅱ期,2,目標血圧が確認できる体制を整える,,1 継続的な再発予防,1-1 血圧や疾病の管理の支援,1-1-2 血圧等の体調の確認,142,154,https://www.jri.co.jp/file/column/opinion/pdf/2026/0330_tekisetsunacare_r7.pdf#page=154
stroke-Ⅱ期-3,脳血管疾患,Ⅱ期,3,家庭（日常）血圧・脈拍等の把握ができる体制を整える,,1 継続的な再発予防,1-1 血圧や疾病の管理の支援,1-1-2 血圧等の体調の確認,143,155,https://www.jri.co.jp/file/column/opinion/pdf/2026/0330_tekisetsunacare_r7.pdf#page=155
stroke-Ⅱ期-4,脳血管疾患,Ⅱ期,4,室内気温の調整や気温差の改善ができる体制を整える,,1 継続的な再発予防,1-1 血圧や疾病の管理の支援,1-1-3 環境整備,144,156,https://www.jri.co.jp/file/column/opinion/pdf/2026/0330_tekisetsunacare_r7.pdf#page=156
stroke-Ⅱ期-5,脳血管疾患,Ⅱ期,5,高脂血症、糖尿病等の個別疾患の管理の支援について別途確認する,,1 継続的な再発予防,1-1 血圧や疾病の管理の支援,1-1-4 その他の基礎疾患の把握と適切な食事の提供,146,158,https://www.jri.co.jp/file/column/opinion/pdf/2026/0330_tekisetsunacare_r7.pdf#page=158
stroke-Ⅱ期-6,脳血管疾患,Ⅱ期,6,服薬管理の支援,,1 継続的な再発予防,1-2 服薬管理の支援,1-2-1 服薬支援,147,159,https://www.jri.co.jp/file/column/opinion/pdf/2026/0330_tekisetsunacare_r7.pdf#page=159
stroke-Ⅱ期-7,脳血管疾患,Ⅱ期,7,自ら水分を摂取できることが維持できる体制を整える,,1 継続的な再発予防,1-3 生活習慣の維持,1-3-1 脱水予防,149,161,https://www.jri.co.jp/file/column/opinion/pdf/2026/0330_tekisetsunacare_r7.pdf#page=161
stroke-Ⅱ期-8,脳血管疾患,Ⅱ期,8,ADL/IADLの定期的な把握と機能の向上ができる体制を整える,,2 セルフマネジメントへの移行,2-1 心身機能の見直しとさらなる回復・維持,2-1-1 機能訓練（機能障害の回復・改善に向けて）,150,162,https://www.jri.co.jp/file/column/opinion/pdf/2026/0330_tekisetsunacare_r7.pdf#page=162
stroke-Ⅱ期-9,脳血管疾患,Ⅱ期,9,受容促進のための働きかけの確認と継続的な支援体制を整える,,2 セルフマネジメントへの移行,2-2 心理的回復の支援,2-2-1 受容の支援,151,163,https://www.jri.co.jp/file/column/opinion/pdf/2026/0330_tekisetsunacare_r7.pdf#page=163
stroke-Ⅱ期-10,脳血管疾患,Ⅱ期,10,抑うつ状態の防止、改善の確認と継続的な支援体制を整える,,2 セルフマネジメントへの移行,2-2 心理的回復の支援,2-2-1 受容の支援,152,164,https://www.jri.co.jp/file/column/opinion/pdf/2026/0330_tekisetsunacare_r7.pdf#page=164
stroke-Ⅱ期-11,脳血管疾患,Ⅱ期,11,リハビリテーションの継続がなされるよう本人の不安を軽減する体制を整える,,2 セルフマネジメントへの移行,2-2 心理的回復の支援,2-2-1 受容の支援,153,165,https://www.jri.co.jp/file/column/opinion/pdf/2026/0330_tekisetsunacare_r7.pdf#page=165
stroke-Ⅱ期-12,脳血管疾患,Ⅱ期,12,新たな価値・機能の獲得の支援（落胆体験の繰り返し、残存機能と回復機能の限界を見つめることの支援）体制を整える,,2 セルフマネジメントへの移行,2-2 心理的回復の支援,2-2-2 行動変容の状況の確認と継続的な支援,154,166,https://www.jri.co.jp/file/column/opinion/pdf/2026/0330_tekisetsunacare_r7.pdf#page=166
stroke-Ⅱ期-13,脳血管疾患,Ⅱ期,13,セルフマネジメントに向けたリハビリテーションの継続がなされるよう本人の不安を軽減する体制を整える,,2 セルフマネジメントへの移行,2-2 心理的回復の支援,2-2-2 行動変容の状況の確認と継続的な支援,155,167,https://www.jri.co.jp/file/column/opinion/pdf/2026/0330_tekisetsunacare_r7.pdf#page=167
stroke-Ⅱ期-14,脳血管疾患,Ⅱ期,14,ADL/IADLの状態の定期的な把握及び共有の確認と継続的な支援体制を整える,,2 セルフマネジメントへの移行,2-3 活動と参加に関わる能力の維持・向上,2-3-1 機能訓練（残存機能の維持・活用に向けて）,156,168,https://www.jri.co.jp/file/column/opinion/pdf/2026/0330_tekisetsunacare_r7.pdf#page=168
stroke-Ⅱ期-15,脳血管疾患,Ⅱ期,15,状態に合ったADL/IADLの機能の向上の確認と継続的な支援体制を整える,,2 セルフマネジメントへの移行,2-3 活動と参加に関わる能力の維持・向上,2-3-1 機能訓練（残存機能の維持・活用に向けて）,158,170,https://www.jri.co.jp/file/column/opinion/pdf/2026/0330_tekisetsunacare_r7.pdf#page=170
stroke-Ⅱ期-16,脳血管疾患,Ⅱ期,16,コミュニケーション能力の継続的な把握の確認と継続的な支援体制を整える,,2 セルフマネジメントへの移行,2-3 活動と参加に関わる能力の維持・向上,2-3-2 コミュニケーション能力の改善,159,171,https://www.jri.co.jp/file/column/opinion/pdf/2026/0330_tekisetsunacare_r7.pdf#page=171
stroke-Ⅱ期-17,脳血管疾患,Ⅱ期,17,コミュニケーション能力の改善支援（言語訓練、コミュニケーション手段の検討等）の確認と継続的な支援体制を整える,,2 セルフマネジメントへの移行,2-3 活動と参加に関わる能力の維持・向上,2-3-2 コミュニケーション能力の改善,160,172,https://www.jri.co.jp/file/column/opinion/pdf/2026/0330_tekisetsunacare_r7.pdf#page=172
stroke-Ⅱ期-18,脳血管疾患,Ⅱ期,18,日常生活（自宅内・自宅外）における役割の回復・獲得の支援の確認と継続的な支援体制を整える,,2 セルフマネジメントへの移行,2-3 活動と参加に関わる能力の維持・向上,2-3-3 社会参加の機会の維持・拡大,161,173,https://www.jri.co.jp/file/column/opinion/pdf/2026/0330_tekisetsunacare_r7.pdf#page=173
stroke-Ⅱ期-19,脳血管疾患,Ⅱ期,19,外出や交流の機会の確保の確認と継続的な支援体制を整える,,2 セルフマネジメントへの移行,2-3 活動と参加に関わる能力の維持・向上,2-3-3 社会参加の機会の維持・拡大,162,174,https://www.jri.co.jp/file/column/opinion/pdf/2026/0330_tekisetsunacare_r7.pdf#page=174
stroke-Ⅱ期-20,脳血管疾患,Ⅱ期,20,新たな価値・機能の獲得の支援の確認と継続的な支援体制を整える,,2 セルフマネジメントへの移行,2-3 活動と参加に関わる能力の維持・向上,2-3-3 社会参加の機会の維持・拡大,163,175,https://www.jri.co.jp/file/column/opinion/pdf/2026/0330_tekisetsunacare_r7.pdf#page=175
stroke-Ⅱ期-21,脳血管疾患,Ⅱ期,21,必要な栄養量の把握、食事の支援の確認と継続的な支援体制を整える,,2 セルフマネジメントへの移行,2-4 リスク管理,2-4-1 食事と栄養の確保,164,176,https://www.jri.co.jp/file/column/opinion/pdf/2026/0330_tekisetsunacare_r7.pdf#page=176
stroke-Ⅱ期-22,脳血管疾患,Ⅱ期,22,転倒しにくいよう体の機能を維持するための支援の確認と継続的な支援体制を整える,,2 セルフマネジメントへの移行,2-4 リスク管理,2-4-2 転倒予防,165,177,https://www.jri.co.jp/file/column/opinion/pdf/2026/0330_tekisetsunacare_r7.pdf#page=177
fracture-Ⅰ期-1,大腿骨頸部骨折,Ⅰ期,1,転倒した状況や要因の継続的な把握・評価を確認する体制を整える,,1 再骨折の予防,1-1 転倒予防,1-1-1 転倒予防,167,179,https://www.jri.co.jp/file/column/opinion/pdf/2026/0330_tekisetsunacare_r7.pdf#page=179
fracture-Ⅰ期-2,大腿骨頸部骨折,Ⅰ期,2,自らの身体機能（反射、視聴覚等）の理解の支援と指導を受ける体制を整える,,1 再骨折の予防,1-1 転倒予防,1-1-1 転倒予防,168,180,https://www.jri.co.jp/file/column/opinion/pdf/2026/0330_tekisetsunacare_r7.pdf#page=180
fracture-Ⅰ期-3,大腿骨頸部骨折,Ⅰ期,3,転倒しにくくするための身体機能の向上ができる体制を整える,,1 再骨折の予防,1-1 転倒予防,1-1-1 転倒予防,169,181,https://www.jri.co.jp/file/column/opinion/pdf/2026/0330_tekisetsunacare_r7.pdf#page=181
fracture-Ⅰ期-4,大腿骨頸部骨折,Ⅰ期,4,服薬管理の支援,,1 再骨折の予防,1-2 骨粗しょう症の予防,1-2-1 服薬支援,170,182,https://www.jri.co.jp/file/column/opinion/pdf/2026/0330_tekisetsunacare_r7.pdf#page=182
fracture-Ⅰ期-5,大腿骨頸部骨折,Ⅰ期,5,継続的な受診の体制を整える,,1 再骨折の予防,1-2 骨粗しょう症の予防,1-2-2 治療の継続の支援,172,184,https://www.jri.co.jp/file/column/opinion/pdf/2026/0330_tekisetsunacare_r7.pdf#page=184
fracture-Ⅰ期-6,大腿骨頸部骨折,Ⅰ期,6,運動・活動の体制を整える,,1 再骨折の予防,1-2 骨粗しょう症の予防,1-2-2 治療の継続の支援,174,186,https://www.jri.co.jp/file/column/opinion/pdf/2026/0330_tekisetsunacare_r7.pdf#page=186
fracture-Ⅰ期-7,大腿骨頸部骨折,Ⅰ期,7,歩行機能向上のための訓練ができる体制を整える,,2 骨折前の生活機能の回復,2-1 歩行の獲得,2-1-1 歩行機能訓練,175,187,https://www.jri.co.jp/file/column/opinion/pdf/2026/0330_tekisetsunacare_r7.pdf#page=187
fracture-Ⅰ期-8,大腿骨頸部骨折,Ⅰ期,8,心理的な不安を小さくするリハビリテーションの継続と生活環境を整備する体制を整える,,2 骨折前の生活機能の回復,2-1 歩行の獲得,2-1-2 心理的不安の排除,176,188,https://www.jri.co.jp/file/column/opinion/pdf/2026/0330_tekisetsunacare_r7.pdf#page=188
fracture-Ⅰ期-9,大腿骨頸部骨折,Ⅰ期,9,ADL/IADLの定期的な把握と機能の向上ができる体制を整える,,2 骨折前の生活機能の回復,2-2 生活機能の回復,2-2-1 ADL/IADL の回復,177,189,https://www.jri.co.jp/file/column/opinion/pdf/2026/0330_tekisetsunacare_r7.pdf#page=189
fracture-Ⅰ期-10,大腿骨頸部骨折,Ⅰ期,10,必要な栄養量の把握と食事の支援がなされる体制を整える,,2 骨折前の生活機能の回復,2-2 生活機能の回復,2-2-2 食事と栄養の確保,178,190,https://www.jri.co.jp/file/column/opinion/pdf/2026/0330_tekisetsunacare_r7.pdf#page=190
fracture-Ⅰ期-11,大腿骨頸部骨折,Ⅰ期,11,日常生活（自宅内・自宅外）における役割の回復・獲得がなされる体制を整える,,2 骨折前の生活機能の回復,2-3 社会参加の回復,2-3-1 社会参加の機会の回復,179,191,https://www.jri.co.jp/file/column/opinion/pdf/2026/0330_tekisetsunacare_r7.pdf#page=191
fracture-Ⅰ期-12,大腿骨頸部骨折,Ⅰ期,12,外出や交流の機会が確保できる体制を整える,,2 骨折前の生活機能の回復,2-3 社会参加の回復,2-3-1 社会参加の機会の回復,180,192,https://www.jri.co.jp/file/column/opinion/pdf/2026/0330_tekisetsunacare_r7.pdf#page=192
fracture-Ⅱ期-1,大腿骨頸部骨折,Ⅱ期,1,転倒した状況や要因の継続的な把握・評価を確認する体制を整える,,1 再骨折の予防,1-1 転倒予防,1-1-1 転倒しないための身体機能の維持,181,193,https://www.jri.co.jp/file/column/opinion/pdf/2026/0330_tekisetsunacare_r7.pdf#page=193
fracture-Ⅱ期-2,大腿骨頸部骨折,Ⅱ期,2,服薬管理の支援,,1 再骨折の予防,1-2 骨粗しょう症の予防,1-2-1 服薬支援,182,194,https://www.jri.co.jp/file/column/opinion/pdf/2026/0330_tekisetsunacare_r7.pdf#page=194
fracture-Ⅱ期-3,大腿骨頸部骨折,Ⅱ期,3,継続的な受診の体制を整える,,1 再骨折の予防,1-2 骨粗しょう症の予防,1-2-2 治療の継続の支援,184,196,https://www.jri.co.jp/file/column/opinion/pdf/2026/0330_tekisetsunacare_r7.pdf#page=196
fracture-Ⅱ期-4,大腿骨頸部骨折,Ⅱ期,4,運動・活動の体制を整える,,1 再骨折の予防,1-2 骨粗しょう症の予防,1-2-2 治療の継続の支援,186,198,https://www.jri.co.jp/file/column/opinion/pdf/2026/0330_tekisetsunacare_r7.pdf#page=198
fracture-Ⅱ期-5,大腿骨頸部骨折,Ⅱ期,5,ADL/IADLの定期的な把握と機能の向上ができる体制を整える,,2 セルフマネジメントへの移行,2-1 介護給付サービスの終結に向けた理解の促進（自助・互助への移行）,2-1-1 ADL/IADL の確認とセルフマネジメントへの移行,187,199,https://www.jri.co.jp/file/column/opinion/pdf/2026/0330_tekisetsunacare_r7.pdf#page=199
fracture-Ⅱ期-6,大腿骨頸部骨折,Ⅱ期,6,必要な栄養量の把握と食事の支援がなされる体制を整える,,2 セルフマネジメントへの移行,2-1 介護給付サービスの終結に向けた理解の促進（自助・互助への移行）,2-1-2 食事と栄養のセルフマネジメントへの移行,189,201,https://www.jri.co.jp/file/column/opinion/pdf/2026/0330_tekisetsunacare_r7.pdf#page=201
fracture-Ⅱ期-7,大腿骨頸部骨折,Ⅱ期,7,自ら活動しやすい環境の整備（室内環境、用具等）ができる体制を整える,,2 セルフマネジメントへの移行,2-1 介護給付サービスの終結に向けた理解の促進（自助・互助への移行）,2-1-3 環境整備,190,202,https://www.jri.co.jp/file/column/opinion/pdf/2026/0330_tekisetsunacare_r7.pdf#page=202
fracture-Ⅱ期-8,大腿骨頸部骨折,Ⅱ期,8,日常生活における生活機能の回復と支援の終結,,2 セルフマネジメントへの移行,2-1 介護給付サービスの終結に向けた理解の促進（自助・互助への移行）,2-1-4 社会参加の機会の維持・拡大,191,203,https://www.jri.co.jp/file/column/opinion/pdf/2026/0330_tekisetsunacare_r7.pdf#page=203
fracture-Ⅱ期-9,大腿骨頸部骨折,Ⅱ期,9,外出や交流の機会の拡大、地域交流への参加の体制を整える,,2 セルフマネジメントへの移行,2-1 介護給付サービスの終結に向けた理解の促進（自助・互助への移行）,2-1-4 社会参加の機会の維持・拡大,192,204,https://www.jri.co.jp/file/column/opinion/pdf/2026/0330_tekisetsunacare_r7.pdf#page=204
heart-Ⅰ期-1,心疾患,Ⅰ期,1,疾患の理解を支援し、定期的に診察が受けられる体制を整える,,1 再入院の予防,1-1 疾患の理解と確実な服薬,1-1-1 基本的な疾患管理の支援,194,206,https://www.jri.co.jp/file/column/opinion/pdf/2026/0330_tekisetsunacare_r7.pdf#page=206
heart-Ⅰ期-2,心疾患,Ⅰ期,2,服薬の必要性や薬の管理を理解し、服薬が確認できる体制を整える,,1 再入院の予防,1-1 疾患の理解と確実な服薬,1-1-2 服薬支援,197,209,https://www.jri.co.jp/file/column/opinion/pdf/2026/0330_tekisetsunacare_r7.pdf#page=209
heart-Ⅰ期-3,心疾患,Ⅰ期,3,併存疾患（腎機能の低下にかかわる疾患、糖尿病（糖尿病性腎症）、その他の疾患など）を把握し療養を支援する体制を整える,,1 再入院の予防,1-1 疾患の理解と確実な服薬,1-1-3 併存疾患の把握と療養の支援,199,211,https://www.jri.co.jp/file/column/opinion/pdf/2026/0330_tekisetsunacare_r7.pdf#page=211
heart-Ⅰ期-4,心疾患,Ⅰ期,4,体重管理の重要性を理解し、継続的に日々の体重管理ができる体制を整える,,1 再入院の予防,1-2 自己管理能力の向上とリスクの管理,1-2-1 体重の管理,201,213,https://www.jri.co.jp/file/column/opinion/pdf/2026/0330_tekisetsunacare_r7.pdf#page=213
heart-Ⅰ期-5,心疾患,Ⅰ期,5,適切な塩分・水分摂取量が理解できる体制を整える,,1 再入院の予防,1-2 自己管理能力の向上とリスクの管理,1-2-2 塩分量・水分量のコントロール,203,215,https://www.jri.co.jp/file/column/opinion/pdf/2026/0330_tekisetsunacare_r7.pdf#page=215
heart-Ⅰ期-6,心疾患,Ⅰ期,6,食事からの栄養の摂取状況を把握できる体制を整える,,1 再入院の予防,1-2 自己管理能力の向上とリスクの管理,1-2-2 塩分量・水分量のコントロール,204,216,https://www.jri.co.jp/file/column/opinion/pdf/2026/0330_tekisetsunacare_r7.pdf#page=216
heart-Ⅰ期-7,心疾患,Ⅰ期,7,その人と生活に合った水分の摂取、排泄の状況と変化を把握できる体制を整える,,1 再入院の予防,1-2 自己管理能力の向上とリスクの管理,1-2-2 塩分量・水分量のコントロール,206,218,https://www.jri.co.jp/file/column/opinion/pdf/2026/0330_tekisetsunacare_r7.pdf#page=218
heart-Ⅰ期-8,心疾患,Ⅰ期,8,血圧のコントロールが継続的に実施される体制を整える,,1 再入院の予防,1-2 自己管理能力の向上とリスクの管理,1-2-3 血圧の管理,208,220,https://www.jri.co.jp/file/column/opinion/pdf/2026/0330_tekisetsunacare_r7.pdf#page=220
heart-Ⅰ期-9,心疾患,Ⅰ期,9,活動制限と安静の必要性を本人や家族等が理解し、その制限が守られる体制を整える,,1 再入院の予防,1-2 自己管理能力の向上とリスクの管理,1-2-4 活動制限が守られることの支援,210,222,https://www.jri.co.jp/file/column/opinion/pdf/2026/0330_tekisetsunacare_r7.pdf#page=222
heart-Ⅰ期-10,心疾患,Ⅰ期,10,感染症の予防の必要性の理解をうながす体制を整える,,1 再入院の予防,1-2 自己管理能力の向上とリスクの管理,1-2-5 急性増悪の予防,212,224,https://www.jri.co.jp/file/column/opinion/pdf/2026/0330_tekisetsunacare_r7.pdf#page=224
heart-Ⅰ期-11,心疾患,Ⅰ期,11,長時間の活動が必要な場合の注意事項の理解をうながす体制を整える,,1 再入院の予防,1-2 自己管理能力の向上とリスクの管理,1-2-6 非日常的な活動のリスクの管理,213,225,https://www.jri.co.jp/file/column/opinion/pdf/2026/0330_tekisetsunacare_r7.pdf#page=225
heart-Ⅰ期-12,心疾患,Ⅰ期,12,気温差の縮小（居室と廊下、浴室、洗面所、トイレなど）がなされる体制を整える,,1 再入院の予防,1-3 療養を続けるための環境・体制の整備,1-3-1 負荷のかかる環境の改善,214,226,https://www.jri.co.jp/file/column/opinion/pdf/2026/0330_tekisetsunacare_r7.pdf#page=226
heart-Ⅰ期-13,心疾患,Ⅰ期,13,強く負荷がかかるような動作の要因となる環境を把握する体制を整える,,1 再入院の予防,1-3 療養を続けるための環境・体制の整備,1-3-1 負荷のかかる環境の改善,216,228,https://www.jri.co.jp/file/column/opinion/pdf/2026/0330_tekisetsunacare_r7.pdf#page=228
heart-Ⅰ期-14,心疾患,Ⅰ期,14,本人が望む暮らしの意向の把握と活動・参加の状況を維持・改善する体制を整える,,2 生活機能の維持・向上,2-1 心疾患の状況に応じた生活・暮らし方の支援,2-1-1 活動と参加に関わる能力の維持・改善,217,229,https://www.jri.co.jp/file/column/opinion/pdf/2026/0330_tekisetsunacare_r7.pdf#page=229
heart-Ⅰ期-15,心疾患,Ⅰ期,15,医療的なリハビリテーションを受けることができる体制を整える,,2 生活機能の維持・向上,2-1 心疾患の状況に応じた生活・暮らし方の支援,2-1-2 リハビリテーションの実施,220,232,https://www.jri.co.jp/file/column/opinion/pdf/2026/0330_tekisetsunacare_r7.pdf#page=232
heart-Ⅰ期-16,心疾患,Ⅰ期,16,ADL/IADLの定期的な把握と機能の向上ができる体制を整える,,2 生活機能の維持・向上,2-1 心疾患の状況に応じた生活・暮らし方の支援,2-1-2 リハビリテーションの実施,221,233,https://www.jri.co.jp/file/column/opinion/pdf/2026/0330_tekisetsunacare_r7.pdf#page=233
heart-Ⅰ期-17,心疾患,Ⅰ期,17,入浴習慣や入浴環境を把握し、過度におそれることなく適切な入浴を維持できる体制を整える,,2 生活機能の維持・向上,2-1 心疾患の状況に応じた生活・暮らし方の支援,2-1-3 入浴習慣の支援,223,235,https://www.jri.co.jp/file/column/opinion/pdf/2026/0330_tekisetsunacare_r7.pdf#page=235
heart-Ⅰ期-18,心疾患,Ⅰ期,18,休養・睡眠を確保したうえで、睡眠時の状況の変化を把握して必要な支援につなげられる体制を整える,,2 生活機能の維持・向上,2-1 心疾患の状況に応じた生活・暮らし方の支援,2-1-4 休養・睡眠の支援,224,236,https://www.jri.co.jp/file/column/opinion/pdf/2026/0330_tekisetsunacare_r7.pdf#page=236
heart-Ⅰ期-19,心疾患,Ⅰ期,19,禁煙を実現できる体制を整える,,2 生活機能の維持・向上,2-1 心疾患の状況に応じた生活・暮らし方の支援,2-1-5 禁煙の実現の支援,226,238,https://www.jri.co.jp/file/column/opinion/pdf/2026/0330_tekisetsunacare_r7.pdf#page=238
heart-Ⅰ期-20,心疾患,Ⅰ期,20,本人や家族等が生活習慣を変えることを受けいれられるよう支援する,,2 生活機能の維持・向上,2-1 心疾患の状況に応じた生活・暮らし方の支援,2-1-6 本人や家族等への生活習慣を変えることの支援,227,239,https://www.jri.co.jp/file/column/opinion/pdf/2026/0330_tekisetsunacare_r7.pdf#page=239
heart-Ⅰ期-21,心疾患,Ⅰ期,21,精神的な不安を把握し、必要に応じて支援する体制を整える,,2 生活機能の維持・向上,2-2 心理的な支援,2-2-1 本人や家族等の不安の軽減,229,241,https://www.jri.co.jp/file/column/opinion/pdf/2026/0330_tekisetsunacare_r7.pdf#page=241
heart-Ⅱ期-1,心疾患,Ⅱ期,1,疾患の理解を支援し、定期的に診察が受けられる体制を整える,,1 再入院の予防,1-1 疾患の理解と確実な服薬,1-1-1 基本的な疾患管理の支援,230,242,https://www.jri.co.jp/file/column/opinion/pdf/2026/0330_tekisetsunacare_r7.pdf#page=242
heart-Ⅱ期-2,心疾患,Ⅱ期,2,服薬の必要性や薬の管理を理解し、服薬が確認できる体制を整える,,1 再入院の予防,1-1 疾患の理解と確実な服薬,1-1-2 服薬支援,233,245,https://www.jri.co.jp/file/column/opinion/pdf/2026/0330_tekisetsunacare_r7.pdf#page=245
heart-Ⅱ期-3,心疾患,Ⅱ期,3,併存疾患（腎機能の低下にかかわる疾患、糖尿病（糖尿病性腎症）、その他の疾患など）を把握し療養を支援する体制を整える,,1 再入院の予防,1-1 疾患の理解と確実な服薬,1-1-3 併存疾患の把握と療養の支援,235,247,https://www.jri.co.jp/file/column/opinion/pdf/2026/0330_tekisetsunacare_r7.pdf#page=247
heart-Ⅱ期-4,心疾患,Ⅱ期,4,体重管理の重要性を理解し、継続的に日々の体重管理ができる体制を整える,,1 再入院の予防,1-2 自己管理能力の向上とリスクの管理,1-2-1 体重の管理,237,249,https://www.jri.co.jp/file/column/opinion/pdf/2026/0330_tekisetsunacare_r7.pdf#page=249
heart-Ⅱ期-5,心疾患,Ⅱ期,5,適切な塩分・水分摂取量の理解をうながす体制を整える,,1 再入院の予防,1-2 自己管理能力の向上とリスクの管理,1-2-2 塩分量・水分量のコントロール,239,251,https://www.jri.co.jp/file/column/opinion/pdf/2026/0330_tekisetsunacare_r7.pdf#page=251
heart-Ⅱ期-6,心疾患,Ⅱ期,6,食事からの栄養の摂取状況を把握できる体制を整える,,1 再入院の予防,1-2 自己管理能力の向上とリスクの管理,1-2-2 塩分量・水分量のコントロール,240,252,https://www.jri.co.jp/file/column/opinion/pdf/2026/0330_tekisetsunacare_r7.pdf#page=252
heart-Ⅱ期-7,心疾患,Ⅱ期,7,その人と生活に合った水分の摂取、排泄の状況と変化を把握できる体制を整える,,1 再入院の予防,1-2 自己管理能力の向上とリスクの管理,1-2-2 塩分量・水分量のコントロール,242,254,https://www.jri.co.jp/file/column/opinion/pdf/2026/0330_tekisetsunacare_r7.pdf#page=254
heart-Ⅱ期-8,心疾患,Ⅱ期,8,血圧のコントロールが継続的に実施される体制を整える,,1 再入院の予防,1-2 自己管理能力の向上とリスクの管理,1-2-3 血圧の管理,244,256,https://www.jri.co.jp/file/column/opinion/pdf/2026/0330_tekisetsunacare_r7.pdf#page=256
heart-Ⅱ期-9,心疾患,Ⅱ期,9,活動制限と安静の必要性を本人や家族等が理解し、その制限が守られる体制を整える,,1 再入院の予防,1-2 自己管理能力の向上とリスクの管理,1-2-4 活動制限が守られることの支援,246,258,https://www.jri.co.jp/file/column/opinion/pdf/2026/0330_tekisetsunacare_r7.pdf#page=258
heart-Ⅱ期-10,心疾患,Ⅱ期,10,感染症の予防の必要性の理解をうながす体制を整える,,1 再入院の予防,1-2 自己管理能力の向上とリスクの管理,1-2-5 急性増悪の予防,248,260,https://www.jri.co.jp/file/column/opinion/pdf/2026/0330_tekisetsunacare_r7.pdf#page=260
heart-Ⅱ期-11,心疾患,Ⅱ期,11,長時間の活動が必要な場合の注意事項の理解をうながす体制を整える,,1 再入院の予防,1-2 自己管理能力の向上とリスクの管理,1-2-6 非日常的な活動のリスクの管理,249,261,https://www.jri.co.jp/file/column/opinion/pdf/2026/0330_tekisetsunacare_r7.pdf#page=261
heart-Ⅱ期-12,心疾患,Ⅱ期,12,気温差の縮小（居室と廊下、浴室、洗面所、トイレなど）がなされる体制を整える,,1 再入院の予防,1-3 療養を続けるための環境・体制の整備,1-3-1 負荷のかかる環境の改善,250,262,https://www.jri.co.jp/file/column/opinion/pdf/2026/0330_tekisetsunacare_r7.pdf#page=262
heart-Ⅱ期-13,心疾患,Ⅱ期,13,強く負荷がかかるような動作の要因となる環境を把握する体制を整える,,1 再入院の予防,1-3 療養を続けるための環境・体制の整備,1-3-1 負荷のかかる環境の改善,252,264,https://www.jri.co.jp/file/column/opinion/pdf/2026/0330_tekisetsunacare_r7.pdf#page=264
heart-Ⅱ期-14,心疾患,Ⅱ期,14,本人が望む暮らしの意向の把握と活動・参加の状況を維持・改善する体制を整える,,2 生活機能の維持,2-1 ステージに応じた生活・暮らし方の支援,2-1-1 活動と参加に関わる能力の維持・改善,253,265,https://www.jri.co.jp/file/column/opinion/pdf/2026/0330_tekisetsunacare_r7.pdf#page=265
heart-Ⅱ期-15,心疾患,Ⅱ期,15,必要なリハビリテーションとセルフケアを継続できる体制を整える,,2 生活機能の維持,2-1 ステージに応じた生活・暮らし方の支援,2-1-2 継続的なリハビリテーションの実施,256,268,https://www.jri.co.jp/file/column/opinion/pdf/2026/0330_tekisetsunacare_r7.pdf#page=268
heart-Ⅱ期-16,心疾患,Ⅱ期,16,入浴習慣や入浴環境を把握し、過度におそれることなく適切な入浴を維持できる体制を整える,,2 生活機能の維持,2-1 ステージに応じた生活・暮らし方の支援,2-1-3 入浴習慣の支援,258,270,https://www.jri.co.jp/file/column/opinion/pdf/2026/0330_tekisetsunacare_r7.pdf#page=270
heart-Ⅱ期-17,心疾患,Ⅱ期,17,休養・睡眠を確保したうえで、睡眠時の状況の変化を把握して必要な支援につなげられる体制を整える,,2 生活機能の維持,2-1 ステージに応じた生活・暮らし方の支援,2-1-4 休養・睡眠の支援,259,271,https://www.jri.co.jp/file/column/opinion/pdf/2026/0330_tekisetsunacare_r7.pdf#page=271
heart-Ⅱ期-18,心疾患,Ⅱ期,18,禁煙を実現できる体制を整える,,2 生活機能の維持,2-1 ステージに応じた生活・暮らし方の支援,2-1-5 禁煙の実現の支援,261,273,https://www.jri.co.jp/file/column/opinion/pdf/2026/0330_tekisetsunacare_r7.pdf#page=273
heart-Ⅱ期-19,心疾患,Ⅱ期,19,本人や家族等が生活習慣を変えることを受けいれられるよう支援する,,2 生活機能の維持,2-1 ステージに応じた生活・暮らし方の支援,2-1-6 本人や家族等への生活習慣を変えることの支援,262,274,https://www.jri.co.jp/file/column/opinion/pdf/2026/0330_tekisetsunacare_r7.pdf#page=274
heart-Ⅱ期-20,心疾患,Ⅱ期,20,精神的な不安を把握し、必要に応じて支援する体制を整える,,2 生活機能の維持,2-2 心理的な支援,2-2-1 本人や家族等の不安の軽減,264,276,https://www.jri.co.jp/file/column/opinion/pdf/2026/0330_tekisetsunacare_r7.pdf#page=276
heart-Ⅱ期-21,心疾患,Ⅱ期,21,末期心不全のEOLケアをどのようにするかの心構えをする支援を行う,,3 EOL 準備,3-1 EOL(エンドオブライフ)に向けた準備,3-1-1 末期心不全の EOL ケアの対応・準備の支援,266,278,https://www.jri.co.jp/file/column/opinion/pdf/2026/0330_tekisetsunacare_r7.pdf#page=278
dementia-共通-1,認知症,共通,1,支援の前提としての認知症と診断されるに至った経緯の把握,,0 ここまでの経緯の確認,0-1 ここまでの経緯の確認,0-1-1 認知症と診断されるに至った経緯の把握,270,282,https://www.jri.co.jp/file/column/opinion/pdf/2026/0330_tekisetsunacare_r7.pdf#page=282
dementia-共通-2,認知症,共通,2,支援の前提としての医療及び他の専門職の関わりの把握,,0 ここまでの経緯の確認,0-1 ここまでの経緯の確認,0-1-2 これまでの医療及び他の専門職の関わりの把握,272,284,https://www.jri.co.jp/file/column/opinion/pdf/2026/0330_tekisetsunacare_r7.pdf#page=284
dementia-共通-3,認知症,共通,3,本人や家族・支援者が抱く感情や想いを継続的に捉えることの支援,,1 本人及び家族・支援者の認識の理解,1-1 本人と家族・支援者の認識の理解,1-1-1 本人や家族・支援者が抱く感情と想いの理解,273,285,https://www.jri.co.jp/file/column/opinion/pdf/2026/0330_tekisetsunacare_r7.pdf#page=285
dementia-共通-4,認知症,共通,4,本人に対する受けとめや理解を深める支援,,1 本人及び家族・支援者の認識の理解,1-1 本人と家族・支援者の認識の理解,1-1-2 本人や家族・支援者の疾患に対する受けとめと認識,274,286,https://www.jri.co.jp/file/column/opinion/pdf/2026/0330_tekisetsunacare_r7.pdf#page=286
dementia-共通-5,認知症,共通,5,疾患に対する家族・支援者の受け止めや理解を深めることの支援,,1 本人及び家族・支援者の認識の理解,1-1 本人と家族・支援者の認識の理解,1-1-2 本人や家族・支援者の疾患に対する受けとめと認識,275,287,https://www.jri.co.jp/file/column/opinion/pdf/2026/0330_tekisetsunacare_r7.pdf#page=287
dementia-共通-6,認知症,共通,6,変化していくことを念頭に置いた認知症の総合アセスメントの実施,,1 本人及び家族・支援者の認識の理解,1-2 本人と家族・支援者を取り巻く環境の理解,1-2-1 変化していくことを念頭に置いた認知症の総合アセスメントの実施,276,288,https://www.jri.co.jp/file/column/opinion/pdf/2026/0330_tekisetsunacare_r7.pdf#page=288
dementia-共通-7,認知症,共通,7,本人を取り巻く人との関係性とその変化の把握,,1 本人及び家族・支援者の認識の理解,1-2 本人と家族・支援者を取り巻く環境の理解,1-2-1 変化していくことを念頭に置いた認知症の総合アセスメントの実施,278,290,https://www.jri.co.jp/file/column/opinion/pdf/2026/0330_tekisetsunacare_r7.pdf#page=290
dementia-共通-8,認知症,共通,8,意思決定支援の重要性への本人及び家族等の理解をうながす支援体制を整える,,2 将来の準備としての意思決定の支援,2-1 本人の意思決定能力を尊重した意思決定支援,2-1-1 意思決定支援の必要性の理解,279,291,https://www.jri.co.jp/file/column/opinion/pdf/2026/0330_tekisetsunacare_r7.pdf#page=291
dementia-共通-9,認知症,共通,9,意思決定支援に向けて、本人及び家族等に適切な情報が提供される支援体制を整える,,2 将来の準備としての意思決定の支援,2-1 本人の意思決定能力を尊重した意思決定支援,2-1-1 意思決定支援の必要性の理解,281,293,https://www.jri.co.jp/file/column/opinion/pdf/2026/0330_tekisetsunacare_r7.pdf#page=293
dementia-共通-10,認知症,共通,10,本人の意思を捉えるためのエピソード等の把握,,2 将来の準備としての意思決定の支援,2-1 本人の意思決定能力を尊重した意思決定支援,2-1-2 本人の意思を捉えるためのエピソード等の把握,282,294,https://www.jri.co.jp/file/column/opinion/pdf/2026/0330_tekisetsunacare_r7.pdf#page=294
dementia-共通-11,認知症,共通,11,意思決定支援体制を整える,,2 将来の準備としての意思決定の支援,2-2 意思決定支援体制の整備,2-2-1 意思決定支援体制の整備,284,296,https://www.jri.co.jp/file/column/opinion/pdf/2026/0330_tekisetsunacare_r7.pdf#page=296
dementia-共通-12,認知症,共通,12,かかりつけ医との連携（※必要に応じて専門医や認知症サポート医等とも連携）,,3 必要に応じた連携体制の構築,3-1 必要に応じた連携体制の構築,3-1-1 かかりつけ医や専門職等との連携,286,298,https://www.jri.co.jp/file/column/opinion/pdf/2026/0330_tekisetsunacare_r7.pdf#page=298
dementia-共通-13,認知症,共通,13,かかりつけ医以外の専門職等との連携,,3 必要に応じた連携体制の構築,3-1 必要に応じた連携体制の構築,3-1-1 かかりつけ医や専門職等との連携,288,300,https://www.jri.co.jp/file/column/opinion/pdf/2026/0330_tekisetsunacare_r7.pdf#page=300
dementia-共通-14,認知症,共通,14,サービス事業者や地域の関係する人との連携体制を整える,,3 必要に応じた連携体制の構築,3-1 必要に応じた連携体制の構築,3-1-2 その他の関係する人との連携,289,301,https://www.jri.co.jp/file/column/opinion/pdf/2026/0330_tekisetsunacare_r7.pdf#page=301
dementia-共通-15,認知症,共通,15,日常生活における意向の表明の支援,,4 基本的な生活の支援,4-1 日常生活における本人の意向の尊重,4-1-1 日常生活における意向の尊重,290,302,https://www.jri.co.jp/file/column/opinion/pdf/2026/0330_tekisetsunacare_r7.pdf#page=302
dementia-共通-16,認知症,共通,16,本人の生活のリズムの把握,,4 基本的な生活の支援,4-2 一週間の生活リズムを支えることの支援,4-2-1 一週間の生活リズムと変化を把握することの支援,291,303,https://www.jri.co.jp/file/column/opinion/pdf/2026/0330_tekisetsunacare_r7.pdf#page=303
dementia-共通-17,認知症,共通,17,一週間の生活リズムに沿った生活・活動を支援する体制を整える,,4 基本的な生活の支援,4-2 一週間の生活リズムを支えることの支援,4-2-2 一週間の生活リズムに沿った生活・活動を支えることの支援,292,304,https://www.jri.co.jp/file/column/opinion/pdf/2026/0330_tekisetsunacare_r7.pdf#page=304
dementia-共通-18,認知症,共通,18,本人がこれまでに担ってきた家庭や地域での役割と現在の状況の把握,,4 基本的な生活の支援,4-3 日常的に参加する役割を整えることの支援,4-3-1 家庭や地域での役割を担い続けるための ADL/IADL の支援,294,306,https://www.jri.co.jp/file/column/opinion/pdf/2026/0330_tekisetsunacare_r7.pdf#page=306
dementia-共通-19,認知症,共通,19,本人が役割を担い続けるためのリハビリテーションや支援の提供体制の整備,,4 基本的な生活の支援,4-3 日常的に参加する役割を整えることの支援,4-3-1 家庭や地域での役割を担い続けるための ADL/IADL の支援,296,308,https://www.jri.co.jp/file/column/opinion/pdf/2026/0330_tekisetsunacare_r7.pdf#page=308
dementia-共通-20,認知症,共通,20,日常生活においてコミュニケーションを取ることの支援,,4 基本的な生活の支援,4-3 日常的に参加する役割を整えることの支援,4-3-2 コミュニケーションを取ることの支援,297,309,https://www.jri.co.jp/file/column/opinion/pdf/2026/0330_tekisetsunacare_r7.pdf#page=309
dementia-共通-21,認知症,共通,21,清潔に関する状況の変化を把握し保つことの支援,,4 基本的な生活の支援,4-3 日常的に参加する役割を整えることの支援,4-3-3 清潔に関する状況の変化を把握し保つことの支援,299,311,https://www.jri.co.jp/file/column/opinion/pdf/2026/0330_tekisetsunacare_r7.pdf#page=311
dementia-共通-22,認知症,共通,22,体調管理の支援,,4 基本的な生活の支援,4-4 体調管理や服薬管理の支援,4-4-1 体調の変化を把握し伝えることの支援,300,312,https://www.jri.co.jp/file/column/opinion/pdf/2026/0330_tekisetsunacare_r7.pdf#page=312
dementia-共通-23,認知症,共通,23,日常と異なる状態の把握とそれを表明することの支援,,4 基本的な生活の支援,4-4 体調管理や服薬管理の支援,4-4-1 体調の変化を把握し伝えることの支援,302,314,https://www.jri.co.jp/file/column/opinion/pdf/2026/0330_tekisetsunacare_r7.pdf#page=314
dementia-共通-24,認知症,共通,24,薬の管理と服薬を一定の水準で継続できるようにする支援体制を整える,,4 基本的な生活の支援,4-4 体調管理や服薬管理の支援,4-4-2 服薬支援,303,315,https://www.jri.co.jp/file/column/opinion/pdf/2026/0330_tekisetsunacare_r7.pdf#page=315
dementia-共通-25,認知症,共通,25,必要な水分量の把握と必要な水分量を摂取できるようにする支援体制を整える,,4 基本的な生活の支援,4-5 基本的なセルフケアを継続することの支援,4-5-1 水分の摂取の支援,305,317,https://www.jri.co.jp/file/column/opinion/pdf/2026/0330_tekisetsunacare_r7.pdf#page=317
dementia-共通-26,認知症,共通,26,必要な栄養及び日常的な摂取状況（摂取方法を含む）の把握と必要な栄養を摂取することを支援する体制を整える,,4 基本的な生活の支援,4-5 基本的なセルフケアを継続することの支援,4-5-2 栄養の摂取の支援,307,319,https://www.jri.co.jp/file/column/opinion/pdf/2026/0330_tekisetsunacare_r7.pdf#page=319
dementia-共通-27,認知症,共通,27,できるだけ自立した排泄を続けられるようにすることの支援体制を整える,,4 基本的な生活の支援,4-5 基本的なセルフケアを継続することの支援,4-5-3 排泄を続けることの支援,309,321,https://www.jri.co.jp/file/column/opinion/pdf/2026/0330_tekisetsunacare_r7.pdf#page=321
dementia-共通-28,認知症,共通,28,活動と参加を通じた周囲の人びととの日常的な交流環境を実現するための支援,,5 これまでの生活の尊重と重度化の予防,5-1 本人の役割の維持・拡充に向けた持っている機能を発揮しやすい環境の整備,5-1-1 その人にとっての活動と参加を取り巻く交流環境の整備,311,323,https://www.jri.co.jp/file/column/opinion/pdf/2026/0330_tekisetsunacare_r7.pdf#page=323
dementia-共通-29,認知症,共通,29,その人にとっての快・不快とその変化の状況の把握,,5 これまでの生活の尊重と重度化の予防,5-1 本人の役割の維持・拡充に向けた持っている機能を発揮しやすい環境の整備,5-1-1 その人にとっての活動と参加を取り巻く交流環境の整備,313,325,https://www.jri.co.jp/file/column/opinion/pdf/2026/0330_tekisetsunacare_r7.pdf#page=325
dementia-共通-30,認知症,共通,30,状態に合った活動と参加を実現する環境整備,,5 これまでの生活の尊重と重度化の予防,5-1 本人の役割の維持・拡充に向けた持っている機能を発揮しやすい環境の整備,5-1-2 持っている機能を発揮しやすい環境の整備,314,326,https://www.jri.co.jp/file/column/opinion/pdf/2026/0330_tekisetsunacare_r7.pdf#page=326
dementia-共通-31,認知症,共通,31,新たな役割・機能を獲得することの支援,,5 これまでの生活の尊重と重度化の予防,5-1 本人の役割の維持・拡充に向けた持っている機能を発揮しやすい環境の整備,5-1-2 持っている機能を発揮しやすい環境の整備,315,327,https://www.jri.co.jp/file/column/opinion/pdf/2026/0330_tekisetsunacare_r7.pdf#page=327
dementia-共通-32,認知症,共通,32,転倒の予防の支援,,5 これまでの生活の尊重と重度化の予防,5-2 合併症や併発しやすい事故の予防,5-2-1 転倒の予防の支援,316,328,https://www.jri.co.jp/file/column/opinion/pdf/2026/0330_tekisetsunacare_r7.pdf#page=328
dementia-共通-33,認知症,共通,33,誤嚥の予防の支援,,5 これまでの生活の尊重と重度化の予防,5-2 合併症や併発しやすい事故の予防,5-2-2 誤嚥の予防の支援,318,330,https://www.jri.co.jp/file/column/opinion/pdf/2026/0330_tekisetsunacare_r7.pdf#page=330
dementia-共通-34,認知症,共通,34,行動・心理症状の具体的内容を把握する体制を整える,,6 行動・心理症状の予防・重度化防止,6-1 行動・心理症状の状況と背景要因の把握,6-1-1 行動・心理症状の具体的内容を把握する体制の構築,320,332,https://www.jri.co.jp/file/column/opinion/pdf/2026/0330_tekisetsunacare_r7.pdf#page=332
dementia-共通-35,認知症,共通,35,本人の不安やストレスの把握,,6 行動・心理症状の予防・重度化防止,6-1 行動・心理症状の状況と背景要因の把握,6-1-2 本人の不安やストレスの把握,322,334,https://www.jri.co.jp/file/column/opinion/pdf/2026/0330_tekisetsunacare_r7.pdf#page=334
dementia-共通-36,認知症,共通,36,背景要因に対する対応策の実施の支援,,6 行動・心理症状の予防・重度化防止,6-2 背景要因に対する取り組みの支援,6-2-1 背景要因に対する取り組みの支援,323,335,https://www.jri.co.jp/file/column/opinion/pdf/2026/0330_tekisetsunacare_r7.pdf#page=335
dementia-共通-37,認知症,共通,37,背景要因に対する家族等の理解を深めることの支援,,6 行動・心理症状の予防・重度化防止,6-2 背景要因に対する取り組みの支援,6-2-1 背景要因に対する取り組みの支援,325,337,https://www.jri.co.jp/file/column/opinion/pdf/2026/0330_tekisetsunacare_r7.pdf#page=337
dementia-共通-38,認知症,共通,38,家族等に対し相談支援が提供される体制を整える,,7 家族等への対応,7-1 家族支援に必要なサービスの調整支援,7-1-1 家族等に対する支援の体制の整備,327,339,https://www.jri.co.jp/file/column/opinion/pdf/2026/0330_tekisetsunacare_r7.pdf#page=339
dementia-共通-39,認知症,共通,39,家族等の仕事と生活のリズムが保たれるようにすることの支援,,7 家族等への対応,7-1 家族支援に必要なサービスの調整支援,7-1-1 家族等に対する支援の体制の整備,329,341,https://www.jri.co.jp/file/column/opinion/pdf/2026/0330_tekisetsunacare_r7.pdf#page=341
dementia-共通-40,認知症,共通,40,本人や家族等にかかわる理解者を増やすことの支援,,7 家族等への対応,7-1 家族支援に必要なサービスの調整支援,7-1-2 本人や家族等にかかわる理解者を増やすことの支援,331,343,https://www.jri.co.jp/file/column/opinion/pdf/2026/0330_tekisetsunacare_r7.pdf#page=343
dementia-共通-41,認知症,共通,41,将来にわたり生活を継続できるようにすることの支援,,7 家族等への対応,7-2 将来にわたり生活を継続できるようにすることの支援,7-2-1 将来にわたり生活を継続できるようにすることの支援,332,344,https://www.jri.co.jp/file/column/opinion/pdf/2026/0330_tekisetsunacare_r7.pdf#page=344
aspiration-共通-1,誤嚥性肺炎の予防,共通,1,誤嚥性肺炎の予防の必要性の理解,,0 誤嚥性肺炎予防の必要性の理解,0-1 誤嚥性肺炎予防の必要性の理解,0-1-1 必要性の理解,337,349,https://www.jri.co.jp/file/column/opinion/pdf/2026/0330_tekisetsunacare_r7.pdf#page=349
aspiration-共通-2,誤嚥性肺炎の予防,共通,2,日常の健康状態や生活状況の継続的な把握と共有,,1 リスクの（再）評価,1-1 リスクの評価,1-1-1 誤嚥リスクの評価に資する情報の収集,338,350,https://www.jri.co.jp/file/column/opinion/pdf/2026/0330_tekisetsunacare_r7.pdf#page=350
aspiration-共通-3,誤嚥性肺炎の予防,共通,3,かみ合わせや咀嚼及び義歯の状況等の継続的な把握と共有,,1 リスクの（再）評価,1-1 リスクの評価,1-1-1 誤嚥リスクの評価に資する情報の収集,340,352,https://www.jri.co.jp/file/column/opinion/pdf/2026/0330_tekisetsunacare_r7.pdf#page=352
aspiration-共通-4,誤嚥性肺炎の予防,共通,4,誤嚥リスクが疑われる出来事の把握,,1 リスクの（再）評価,1-1 リスクの評価,1-1-1 誤嚥リスクの評価に資する情報の収集,342,354,https://www.jri.co.jp/file/column/opinion/pdf/2026/0330_tekisetsunacare_r7.pdf#page=354
aspiration-共通-5,誤嚥性肺炎の予防,共通,5,咳や呼吸、口腔衛生の状況の把握と共有,,1 リスクの（再）評価,1-1 リスクの評価,1-1-2 誤嚥による肺炎のリスクの把握,343,355,https://www.jri.co.jp/file/column/opinion/pdf/2026/0330_tekisetsunacare_r7.pdf#page=355
aspiration-共通-6,誤嚥性肺炎の予防,共通,6,摂食嚥下機能、発声・発話の維持・改善のための支援,,2 日常的な発症及び再発の予防,2-1 摂食嚥下機能の支援,2-1-1 摂食嚥下機能の改善・維持,344,356,https://www.jri.co.jp/file/column/opinion/pdf/2026/0330_tekisetsunacare_r7.pdf#page=356
aspiration-共通-7,誤嚥性肺炎の予防,共通,7,口腔乾燥への支援,,2 日常的な発症及び再発の予防,2-1 摂食嚥下機能の支援,2-1-1 摂食嚥下機能の改善・維持,346,358,https://www.jri.co.jp/file/column/opinion/pdf/2026/0330_tekisetsunacare_r7.pdf#page=358
aspiration-共通-8,誤嚥性肺炎の予防,共通,8,食内容の見直しの支援,,2 日常的な発症及び再発の予防,2-2 リスクを小さくする支援,2-2-1 嚥下トラブルなく食事をとることの支援,348,360,https://www.jri.co.jp/file/column/opinion/pdf/2026/0330_tekisetsunacare_r7.pdf#page=360
aspiration-共通-9,誤嚥性肺炎の予防,共通,9,食事のとり方や環境の整備,,2 日常的な発症及び再発の予防,2-2 リスクを小さくする支援,2-2-1 嚥下トラブルなく食事をとることの支援,350,362,https://www.jri.co.jp/file/column/opinion/pdf/2026/0330_tekisetsunacare_r7.pdf#page=362
aspiration-共通-10,誤嚥性肺炎の予防,共通,10,食事内容と栄養摂取状況の把握と改善,,2 日常的な発症及び再発の予防,2-2 リスクを小さくする支援,2-2-2 フレイル予防のために必要な栄養の確保,352,364,https://www.jri.co.jp/file/column/opinion/pdf/2026/0330_tekisetsunacare_r7.pdf#page=364
aspiration-共通-11,誤嚥性肺炎の予防,共通,11,口腔ケアの実施,,2 日常的な発症及び再発の予防,2-2 リスクを小さくする支援,2-2-3 口腔ケアの実施,354,366,https://www.jri.co.jp/file/column/opinion/pdf/2026/0330_tekisetsunacare_r7.pdf#page=366
aspiration-共通-12,誤嚥性肺炎の予防,共通,12,一定期間ごとのリスクの再評価,,3 再評価,3-1 リスクの再評価,3-1-1 リスクの再評価,355,367,https://www.jri.co.jp/file/column/opinion/pdf/2026/0330_tekisetsunacare_r7.pdf#page=367
aspiration-共通-13,誤嚥性肺炎の予防,共通,13,短期的な変化を把握したときの連絡・対応体制の事前検討,,4 変化を把握したときの対応体制の構築,4-1 変化を把握したときの対応体制の構築,4-1-1 変化を把握したときの対応体制の構築,356,368,https://www.jri.co.jp/file/column/opinion/pdf/2026/0330_tekisetsunacare_r7.pdf#page=368
aspiration-共通-14,誤嚥性肺炎の予防,共通,14,留意すべき兆候を把握し共有する支援体制の整備,,4 変化を把握したときの対応体制の構築,4-1 変化を把握したときの対応体制の構築,4-1-1 変化を把握したときの対応体制の構築,357,369,https://www.jri.co.jp/file/column/opinion/pdf/2026/0330_tekisetsunacare_r7.pdf#page=369
aspiration-共通-15,誤嚥性肺炎の予防,共通,15,入退院時における回復後の生活復帰の見通しの共有,,4 変化を把握したときの対応体制の構築,4-2 入院後の生活復帰の見通しの共有,4-2-1 入院後の生活復帰の見通しの共有,359,371,https://www.jri.co.jp/file/column/opinion/pdf/2026/0330_tekisetsunacare_r7.pdf#page=371
